Company Name,Company Description,Website URL,Linkedin URL,Careers Page URL,Job listings page URL,job post1 URL,job post1 title,job post2 URL,job post2 title,job post3 URL,job post3 title
Forest Stewardship Council,Promoting sustainable forestry to combat climate and biodiversity crises globally.,https://fsc.org/en,https://www.linkedin.com/company/fsc-international-bonn,https://fsc.org/en/careers-at-fsc,https://fsc.org/en/careers-at-fsc,https://fsc.org/en/careers-at-fsc,For Forest Managers,https://fsc.org/en/careers-at-fsc,For Forest Managers,,
Polestar,Driving society forward with uncompromised electric performance and progressive innovation.,https://www.polestar.com/global/,https://fr.linkedin.com/company/pole-star-indoor-positioning/,https://www.polestar.com/global/about/careers/,https://www.polestar.com/global/about/careers/,https://polestar.teamtailor.com/jobs/3537557-internship-operations,Internship | Operations,https://polestar.teamtailor.com/jobs/3528756-internship-retail-network-sales,Internship | Retail Network | Sales,https://polestar.teamtailor.com/jobs/6687227-area-sales-manager-finland,Area Sales Manager | Finland
Sweep,Streamline carbon management and reduction across your business with comprehensive software solutions.,https://www.sweep.net,https://www.linkedin.com/company/home-sweep-home-cleaning,,,,,,,,
Climate Bonds Initiative,Mobilizing $100 trillion bond market for global climate solutions.,https://climate.nasa.gov/quizzes/quiz-energy/1/8/,https://uk.linkedin.com/company/climate-bonds-initiative,https://www.nasa.gov/careers/,https://www.nasa.gov/careers/,https://www.nasa.gov/?search=International%20Space%20Station,International Space Station,https://www.nasa.gov/international-space-station/,International Space Station,https://www.nasa.gov/learning-resources/internship-programs/,Internships
Fuse Energy,Accelerating global renewable energy transition with comprehensive solutions.,https://www.youtube.com/watch?v=UVf2Yw7uFoE,https://www.linkedin.com/company/fuseenergygroup,,,,,,,,
ESG Book,"Transforming sustainability data access for 50,000+ companies to drive impactful climate solutions.",https://www.esgbook.com/,https://www.linkedin.com/company/esgbook,https://www.esgbook.com/about#careers,https://www.esgbook.com/about#careers,https://apply.workable.com/esg-book/?not_found=true,Platform EngineerHybridLEARN MORE,,,,
Altruistiq,Automate and optimize corporate sustainability data for impactful climate action.,,https://www.linkedin.com/company/altruistiq,,,,,,,,
Tandem,Banking solutions that promote green finance and support eco-friendly financial decisions.,https://www.tandem.co.uk/,https://www.linkedin.com/company/withtandem,https://www.tandem.co.uk/careers,https://www.tandem.co.uk/careers,,,,,,
Willow,"Optimize buildings for security, sustainability, and efficiency with real-time integrated facility management.",https://willowinc.com/,https://www.linkedin.com/company/willowinc,,,,,,,,
Qwello,Designing user-focused EV chargers to accelerate Europe's electric transition and climate goals.,https://qwello.uk/en,https://www.linkedin.com/company/qwello,,,,,,,,
Node energy,Optimize energy systems for real estate to cut CO2 emissions and costs.,https://climatebase.org/company/1137236/node-energy,https://fi.linkedin.com/company/nodeenergy,,,,,,,,
Exponent Energy,Accelerating the energy shift to scale electric vehicles globally.,https://www.exponent.energy/,https://au.linkedin.com/company/exponent-energy,https://www.exponent.energy/careers,https://www.exponent.energy/careers,,,,,,
HITACHI ENERGY,Advancing sustainable energy systems towards a carbon-neutral future.,https://www.hitachienergy.com/sustainability/towards-carbon-neutral,https://www.linkedin.com/company/hitachienergy,https://www.hitachienergy.com/search?q=jobs,https://www.hitachienergy.com/search?q=jobs,,,,,,
Eurofins,"Analytical testing services promoting safer, healthier, and more sustainable environments globally.",https://www.eurofins.com/,https://in.linkedin.com/company/eurofins,https://careers.eurofins.com/,https://careers.eurofins.com/,https://careers.eurofins.com/jobs/?contractId=4,Internships,https://jobs.smartrecruiters.com/Eurofins/744000043905645-business-unit-manager-biopharma-product-testing-czech-republic,General ManagementBUSINESS UNIT MANAGER BIOPHARMA PRODUCT TESTINGLeverage your business experience in the pharmaceutical sector and a passion for leadership to direct our BioPharma Product Testing operations in the Czech Republic.view opportunity,https://jobs.smartrecruiters.com/Eurofins/744000085294513-business-developer,"Commercial & Customer CareBUSINESS DEVELOPERHelp expand our Forensic Services operations in Bruges, Belgium, by building key partnerships and customer trust.view opportunity"
Contact Energy,"Driving New Zealand's transition to reliable, low-carbon renewable energy.",https://greenesa.com/blog/renewable-energy-companies-in-new-zealand,https://nz.linkedin.com/company/contactenergy,,,,,,,,
Amini,Building Africa's environmental data infrastructure with AI to address climate challenges.,https://www.amini.ai/,https://www.linkedin.com/company/aminiai,https://www.amini.ai/about#careers,https://www.amini.ai/about#careers,,,,,,
Landis+Gyr,Empowering a smarter grid for reduced environmental footprints and energy efficiency worldwide.,https://www.landis-solutions.com/,https://www.linkedin.com/company/landis,,,,,,,,
Blockchain & Climate Institute,"Empowering climate action with blockchain, AI, and IoT for a sustainable future.",https://nychypnosiscenter.com/article/next-gen-atm-monitoring-leveraging-ai-iot-and-blockchain-for-smarter-operations,https://www.linkedin.com/company/blockchainclimateinstitute,,,,,,,,
Environmental Resources Management,"Strategic consultancy accelerating global sustainability, enabling low-carbon futures and advancing ESG priorities worldwide.",https://www.erm.com/,https://in.linkedin.com/company/everenviro-resource-management-private-limited,https://www.erm.com/erm-careers/,https://www.erm.com/erm-careers/,,,,,,
Emitwise,"Our mission is to accelerate the world�s transition to net zero carbon, but we need to move quickly.",https://emitwise.com/,https://www.linkedin.com/company/emitwise,https://emitwise.com/careers/,https://emitwise.com/careers/,https://emitwise.com/resources/blog/the-engineer-how-ai-is-driving-net-zero-goals/,The Engineer: How AI is driving net zero goals,,,,
Vattenfall,Pioneering fossil-free energy for a sustainable future.,https://group.vattenfall.com/what-we-do/fossil-free-progress,https://ad.linkedin.com/company/nova,https://careers.vattenfall.com/global?utm_source=corporate&utm_medium=referral,https://careers.vattenfall.com/global?utm_source=corporate&utm_medium=referral,https://careers.vattenfall.com/global/engineering,Engineering,https://careers.vattenfall.com/global/engineering,Engineering,https://careers.vattenfall.com/global/job/contract-manager-in-in-munich-jid-50171,Contract Manager:in
EcoVadis,Empowering companies with actionable insights to improve sustainability and reduce environmental impact.,https://ecovadis.com/,https://bd.linkedin.com/company/ecovadis,https://ecovadis.com/careers/,https://ecovadis.com/careers/,https://careers.smartrecruiters.com/ecovadis/internships,Internships,https://careers.smartrecruiters.com/ecovadis/engineering,Engineering12 jobs,https://careers.smartrecruiters.com/ecovadis/internships,Internships
Fastmarkets Ltd,"Empowering strategic decisions with market insights and networking in volatile, opaque markets.",https://www.fastmarkets.com/,https://uk.linkedin.com/company/fastmarkets,https://www.fastmarkets.com/about-us/careers/,https://www.fastmarkets.com/about-us/careers/,,,,,,
Grid Edge,"AI-driven solutions for energy optimization, transforming buildings into smart, sustainable participants in the energy system.",https://gridedge.ai/,https://lk.linkedin.com/company/amp-x,,,,,,,,
One � f?ve,"Circular, cleaner, tailor-made packaging to reduce consumer goods industry�s environmental impact.",https://www.towardspackaging.com/insights/recyclable-packaging-market,https://www.linkedin.com/company/one-five-com,,,,,,,,
Flower ?,"Powering renewable efficiency with software for flexible, sustainable energy systems.",https://www.flower.se/about-us/,https://www.linkedin.com/company/flowertechnologies/,https://www.flower.se/careers/,https://www.flower.se/careers/,,,,,,
Beam,Beam helps accelerate the transition to renewable energy focusing on offshore wind,https://beamimagination.com/tag/5a-technologies/,https://www.linkedin.com/company/beamlounge,,,,,,,,
PVcase,Revolutionizing solar design to maximize yield and reduce carbon footprints globally.,https://pvcase.com/products,https://www.bing.com/aclick?ld=e8JRvoBVhL-V952nAj2CbRbDVUCUyafS5AbEY8pnPsCcpL00GAtqDsjhMwb5SP1uvS7K9WtCB5OCaJckbdFE8d5dAV06muo3e71chAr3iu2nYCKDa4VR2-hKatJ92Q_TMmltoqlbfZiqDW2j-JCXRwBx5UnlZlGz4HXYO1IpTeYb7qMoZKPK9qNPMe20JUk7O1pp2vkmgHQElKcq989SvHjsSGvOA&u=aHR0cHMlM2ElMmYlMmZnZXQucHZjYXNlLmNvbSUyZnB2LWdyb3VuZC1tb3VudCUzZnV0bV9jYW1wYWlnbiUzZDQuMF9HX1NfQnJhbmRfSW5kaWFfTEclMjZ1dG1fc291cmNlJTNkYmluZyUyNnV0bV9tZWRpdW0lM2RjcGMlMjZ1dG1fa2V5d29yZCUzZHB2Y2FzZSUyNnV0bV90ZXJtJTNkcHZjYXNlJTI2dXRtX2NhbXBhaWduJTNkNC4wX0dfU19CcmFuZF9JbmRpYV9MRyUyNnV0bV9zb3VyY2UlM2RiaW5nJTI2dXRtX21lZGl1bSUzZGNwYyUyNmhzYV9hY2MlM2Q3MzU2MTgyOTk0JTI2aHNhX2NhbSUzZDIwNTA5MTU2NTI2JTI2aHNhX2dycCUzZDEzMzA0MTE0NzEyNzEyMzIlMjZoc2FfYWQlM2QlMjZoc2Ffc3JjJTNkbyUyNmhzYV90Z3QlM2Rrd2QtODMxNTE3NjcyNDQxODYlM2Fsb2MtOTAlMjZoc2Ffa3clM2RwdmNhc2UlMjZoc2FfbXQlM2RlJTI2aHNhX25ldCUzZGFkd29yZHMlMjZoc2FfdmVyJTNkMyUyNm1zY2xraWQlM2RiNDY0OTQ5NjQ2ZjUxMGQ4MDBmMmZkOWY4OWEzZTBlZQ&rlid=b464949646f510d800f2fd9f89a3e0ee,https://jobs.pvcase.com/,https://jobs.pvcase.com/,https://jobs.pvcase.com/o/tcsm-apac,Technical Customer Success Manager (APAC),https://jobs.pvcase.com/o/technical-account-manager-eu,Technical Account Manager (EU),https://jobs.pvcase.com/o/tech-am-us,Technical Account Manager (US)
Vertical Aerospace,"Revolutionizing personal air travel with on-demand, carbon-free aircraft.",https://vertical-aerospace.com/,https://www.linkedin.com/company/vertical-aerospace-ltd/,https://vertical-aerospace.com/careers/,https://vertical-aerospace.com/careers/,,,,,,
AMPECO,Accelerating global EV charging infrastructure for a sustainable future.,https://www.ampeco.com/,https://bg.linkedin.com/company/ampeco,https://www.ampeco.com/careers/,https://www.ampeco.com/careers/,https://developers.ampeco.com/,Developer Hub,https://developers.ampeco.com/,Developer Hub,https://developers.ampeco.com/,Developer Hub
Einride,"Revolutionizing freight transport to be emission-free, safe, and sustainable.",https://www.einride.tech/,https://www.linkedin.com/company/einride,https://careers.einride.tech,https://careers.einride.tech,,,,,,
Climate Analytics Inc.,"Driving climate action through science, policy support, and global policy analysis.",https://climateanalytics.org/,https://np.linkedin.com/company/climate-analytics,https://climateanalytics.org/about-us/work-with-us,https://climateanalytics.org/about-us/work-with-us,,,,,,
National Park City Foundation,"Transforming urban areas into greener, healthier, and wilder National Park Cities.",https://www.nationalparkcity.org/,https://www.linkedin.com/company/national-park-city-foundation,,,,,,,,
OVO Energy,"Making energy cheaper, greener, and simpler for a sustainable future.",https://www.ovoenergy.com/,https://ke.linkedin.com/company/ovoenergy,https://www.ovoenergy.com/careers,https://www.ovoenergy.com/careers,,,,,,
Pivotal Future,Building a future-ready economy balancing business growth with positive environmental impact.,https://rossmemlibrary.org/article/using-sustainability-to-drive-corporate-growth-and-innovation,https://www.linkedin.com/company/pivotalfuture,https://mbajobs.net/article/transforming-urgent-care-dhu-healthcare-takes-over-corby-treatment-centre,https://mbajobs.net/article/transforming-urgent-care-dhu-healthcare-takes-over-corby-treatment-centre,,,,,,
Ecoworks,"Revolutionizing multi-family housing with rapid, eco-friendly modernizations through pre-fabrication and efficient energy systems.",https://note.com/magic_library/n/na30be435cf2c,https://www.bing.com/aclick?ld=e85uK8H5kw0Az342bbLDIQPDVUCUw3J98TX7h6tnxPwO4BdaA7aMFDrjwjkqFHrPfs1vRT80sAcg2KHZFEYsxNpIuNQUXGKaDPEVrSoegZJdMlbaU_SeEfB2X8L0pLnVfikZTJu2f-pdeHg7Vv-aKS79Gc9sUaFym8ysOotoxJ7Tr5sQzSQBoCfARziZAUvgxGzuSZ7WpX5DMlYn3lLvIL-u-CR_8&u=aHR0cCUzYSUyZiUyZnRyYWNraW5nLmRlZXBzZWFyY2guYWRsdWNlbnQuY29tJTJmYWRsdWNlbnQlMmZSZWRpcmVjdG9yJTNma3dpZCUzZGt3ZC04MTkxMzc3MjI2NjI3NiUzYWxvYy05MHgxMzEwNjE4MDkyMjc3MTAyeDM5ODEzNDA0NCUyNmFkaWQlM2Q4MTkxMzY5NzM1MzEyOSUyNmRldmljZSUzZGMlMjZsb2NhdGlvbiUzZDE0OTM1OSUyNnJldGFpbGVyJTNkZWNvcHJvZHVjdHMlMjZ1cmwlM2RodHRwcyUzYSUyZiUyZnd3dy5lY29wcm9kdWN0cy5jb20lMmYlMjZhZGxjbGlkJTNkYzMwZDZiNDYzZWY1MTkyMzc5ZjIwMjRmZjE2NTI4ODglMjZtc2Nsa2lkJTNkYzMwZDZiNDYzZWY1MTkyMzc5ZjIwMjRmZjE2NTI4ODglMjZ1dG1fc291cmNlJTNkYmluZyUyNnV0bV9tZWRpdW0lM2RjcGMlMjZ1dG1fY2FtcGFpZ24lM2QlMjU1QkFETCUyNTVEJTI1MjAlMjU1Qk5vbi1CcmFuZCUyNTVEJTI1MjBFY28tQ29uc2Npb3VzJTI1MjAtJTI1MjBDb21wZXRpdG9ycyUyNnV0bV90ZXJtJTNkJTI1MkJlY28lMjUyMCUyNTJCY3VwcyUyNTIwJTI1MkJpbnRlcm5hdGlvbmFsJTI1MjAlMjUyQmNvcnAlMjZ1dG1fY29udGVudCUzZENvbXBldGl0b3Jz&rlid=c30d6b463ef5192379f2024ff1652888,,,,,,,,
ICAP Energy AS,Driving sustainable markets with innovative energy and commodities brokering.,https://icap.com/,https://www.linkedin.com/company/icap-energy,https://tpicap.com/tpicap/careers,https://tpicap.com/tpicap/careers,,,,,,
Freudenberg,Tailor-made emission-neutral energy systems for sustainable heavy-duty e-mobility.,https://www.freudenberg.com/,https://www.linkedin.com/company/freudenberg-group,https://www.freudenberg.com/en/careers/why-freudenberg,https://www.freudenberg.com/en/careers/why-freudenberg,https://www.freudenberg.com/en/careers/why-freudenberg/science-engineering,Science & EngineeringRead moreScience & Engineering,,,,
T�V S�D America,Enabling safer technology to protect the environment and ensure a sustainable future.,https://www.collinsdictionary.com/dictionary/english/t,https://www.linkedin.com/company/america-t-v-s-a-,,,,,,,,
Wartsila,Innovative tech and services advancing global decarbonization and sustainability.,https://heatmap.news/climate/june-temperature-climate-change,https://bd.linkedin.com/company/northern-power-solution-limited/,,,,,,,,
AFRY Management Consulting,"Accelerating sustainable change across energy, bioindustry, infrastructure, and mobility globally.",https://afry.com/en/offerings/afry-management-consulting,https://www.linkedin.com/company/afry,https://afry.com/en/join-us,https://afry.com/en/join-us,https://afry.com/en/area/waterways-and-hydraulic-engineering?sector=1425,Waterways and hydraulic engineering,https://afry.com/en/join-us/students-and-graduates,Students and Graduates International,,
Samsara Eco,"Innovative enzymatic tech enables endless recycling of plastics, reducing waste and conserving resources.",https://www.samsaraeco.com/,https://www.linkedin.com/company/samsara-eco,,,,,,,,
Aerobotics,Optimizing crop performance globally with aerial imagery to enhance farming sustainability.,https://www.aerobotics.com/?from=AppAgg.com,https://www.linkedin.com/company/aerobotics,https://www.aerobotics.com/careers,https://www.aerobotics.com/careers,,,,,,
Aggreko,Innovative energy solutions reducing environmental impact globally.,https://www.aggreko.com/,https://www.linkedin.com/company/aggreko/,https://careers.aggreko.com/as/en,https://careers.aggreko.com/as/en,,,,,,
Aliaxis,Supporting water and clean energy with innovative pipes and fittings,https://aliaxis.com/?id=159,https://www.linkedin.com/company/aliaxis/,https://aliaxis.com/careers/,https://aliaxis.com/careers/,,,,,,
Tomra,"Advanced systems optimizing resource recovery for a circular, waste-minimized economy.",https://forum.rainmeter.net/viewtopic.php?t=44659,https://www.linkedin.com/company/tomra,,,,,,,,
BlueLayer,"Empowering carbon project developers to drive removal, protect nature, and restore ecosystems efficiently.",https://bluelayer.io/,https://www.linkedin.com/company/getbluelayer,https://bluelayer.bamboohr.com/careers,https://bluelayer.bamboohr.com/careers,,,,,,
Envelio,"Combat air pollution for a cleaner, healthier planet.",https://www.enviropolengineers.in/,https://www.linkedin.com/company/envelioinc,,,,,,,,
ONYX Insight,"Predictive analytics to optimize wind energy, boosting production and minimizing downtime globally.",https://onyxcollection.com/,https://www.linkedin.com/company/onyx-insight,,,,,,,,
Agreena,Minting carbon credits to incentivize regenerative farming for a greener future.,https://agreena.com/carbon-credits/,https://dk.linkedin.com/company/agreena,https://jobs.ashbyhq.com/agreena,https://jobs.ashbyhq.com/agreena,,,,,,
Ofload,Optimizing freight to reduce emissions and create sustainable supply chains across Australia.,https://www.ofload.com.au/sustainability,https://www.linkedin.com/company/ofload,https://www.ofload.com.au/careers,https://www.ofload.com.au/careers,,,,,,
Enlight Renewable Energy,"Scaling global solar, wind, and energy storage for a sustainable future.",https://solarquarter.com/2022/09/23/wind-and-solar-top-10-of-global-power-generation-for-first-time-says-bloombergnef/,https://il.linkedin.com/company/enlight-renewable-energy-ltd-enlt-,,,,,,,,
Xpeng Motors,"Pioneering intelligent EVs and eVTOLs for a sustainable, eco-friendly future.",https://www.xpeng.com/,https://www.linkedin.com/company/xpengmotorsglobal,https://xiaopeng.jobs.feishu.cn/963247/?spread=q3n5bc5,https://xiaopeng.jobs.feishu.cn/963247/?spread=q3n5bc5,,,,,,
Raylo,"Empowering circular economy with sustainable, affordable lease-and-reuse of consumer goods.",https://www.raylo.com/about,https://www.linkedin.com/company/raylo,https://app.screenloop.com/careers/raylo/,https://app.screenloop.com/careers/raylo/,,,,,,
BackMarket,"Marketplace for restored gadgets, reducing e-waste and promoting sustainable tech consumption.",https://www.backmarket.com/en-us,https://kr.linkedin.com/company/back-market,https://jobs.backmarket.com,https://jobs.backmarket.com,https://jobs.backmarket.com/en-us/careers/home/engineering,Engineering,,,,
Protera,"Cutting-edge protein tech for sustainable, nutritious food and reduced environmental impact.",https://www.proterabio.com/,https://www.linkedin.com/company/protera,,,,,,,,
Stora Enso,"Innovative, renewable solutions for paper, biomaterials, and packaging, reducing carbon footprint globally.",https://community.netgear.com/discussions/stora/cant-access-storalog-in/1839919,https://www.linkedin.com/company/stora-enso/,,,,,,,,
Memodo,Empowering sustainable energy solutions with a comprehensive range of solar and storage systems.,https://www.memodo-shop.com/m/company/,https://de.linkedin.com/company/memodo-gmbh-und-co-kg,https://www.memodo-shop.com/m/company/jobs/,https://www.memodo-shop.com/m/company/jobs/,,,,,,
Climate X,"Evaluate your organization's climate risk with comprehensive, integrated physical risk insights.",https://www.climate-x.com/,https://www.linkedin.com/company/climate-x/,,,,,,,,
Scatec Solar,"Delivering affordable, sustainable solar power worldwide with a 600 MW installation track record.",https://tenor.com/search/award-gifs,https://www.linkedin.com/company/scatec/,,,,,,,,
Centrica Energy,"Driving global green energy transition with sustainable, predictable energy trading.",https://www.centrica.com/our-businesses/optimisation/centrica-energy/,https://de.linkedin.com/company/centricaenergy,,,,,,,,
Enpal,"Powering Europe's renewable future with flexible, hassle-free solar solutions. Join the green energy revolution.",https://www.enpal.com/,https://bd.linkedin.com/company/enpal,https://jobs.enpal.com,https://jobs.enpal.com,,,,,,
ProVeg International,Transforming global food systems to plant-based alternatives for a sustainable future.,https://proveg.org/,https://www.linkedin.com/company/proveginternational,https://proveg.org/careers/,https://proveg.org/careers/,https://proveg.org/fast-food-ranking/,International Fast Food Ranking,https://proveg.org/fast-food-ranking/,International Fast Food Ranking,https://proveg.jobs.personio.de/job/2276237,(Senior) Strategic Program Manager for ProVeg ChinaChina RemotePermanentProVeg China
Renewable Energy Systems,Driving global clean energy with 22 GW new capacity in next five years.,https://www.res-group.com/,https://www.bing.com/aclick?ld=e8i0_oGxIA-EZCD1_N1WCdyDVUCUyNDf1Ga06A-H9yzgp0ZraXD0oQFT2VYbl_bnzfFkL5UgYRUNM1QvYxNo7Cb-JNWjszRZYF8cnbAwEL0tsH108YFfLWDREL0PTEguEAyWKgWUhD0vIdRosDrapgKVkOgH2I6aVJI5qJX2PWnYKecmv39gtzpspKxiqat9URtlKYCjZ0aJ-AkMUb6J7Vr5JhKpU&u=aHR0cHMlM2ElMmYlMmZ0aGVzb2x1dGlvbnNwcm9qZWN0Lm9yZyUyZndoeS1jbGVhbi1lbmVyZ3klMmYlM2Ztc2Nsa2lkJTNkYTdmZTRkZWVhMTQ2MTNkYzMyNDUyNGU3NzEwMDczMzIlMjZ1dG1fc291cmNlJTNkYmluZyUyNnV0bV9tZWRpdW0lM2RjcGMlMjZ1dG1fY2FtcGFpZ24lM2RUU1AtJTI1MjBDbGVhbiUyNTIwRW5lcmd5JTI1MjBXaGVyZSUyNTIwWW91JTI1MjBMaXZlJTI1MjBUYXJnZXQlMjUyMENQQSUyNnV0bV90ZXJtJTNkcmVuZXdhYmxlJTI1MjBlbmVyZ3klMjUyMGluJTI1MjB0aGUlMjUyMHVzJTI2dXRtX2NvbnRlbnQlM2RDbGVhbiUyNTIwRW5lcmd5JTI1MjBJbiUyNTIwVGhlJTI1MjBVLlMuJTIzJTJmbWFwJTJmY291bnRyaWVzJTJmbG9jYXRpb24lMmZVU0E&rlid=a7fe4deea14613dc324524e771007332,https://www.res-group.com/careers/,https://www.res-group.com/careers/,https://www.res-group.com/services/operations-and-maintenance/,Highly skilled engineers and technical specialists provide first-class operations and maintenance support.,https://www.res-group.com/job/oTJtufwj,"Solar Field Engineer IRegular Full-TimeUnited States, Arizona, Eloy, Kitt",https://www.res-group.com/job/okJzxfwT,"Transmission and Distribu...InternUnited States, Texas, Hereford, Tierra Blanco"
CDP Global,Global environmental disclosure leader empowering organizations with rich data for sustainable impact and innovation.,https://www.cdp.net/,https://uk.linkedin.com/company/cdp-worldwide,https://www.cdp.net/en/careers,https://www.cdp.net/en/careers,,,,,,
GreenFlux,Empowering e-mobility networks to accelerate sustainable transportation.,https://www.greenflux.com/,https://www.linkedin.com/company/greenflux,https://www.greenflux.com/careers/,https://www.greenflux.com/careers/,,,,,,
Navvis,Transforming physical spaces into digital twins for enhanced productivity and sustainability.,https://www.navvis.com/,https://www.linkedin.com/company/navvis/,https://www.navvis.com/company/careers,https://www.navvis.com/company/careers,https://job-boards.eu.greenhouse.io/navvis/jobs/4683393101,Dynamics 365 Finance & Operations Developer (F/M/D)Munich Hybrid (NavVis GmbH),https://job-boards.eu.greenhouse.io/navvis/jobs/4671447101,Senior Embedded Software Engineer (F/M/D)Munich Onsite (NavVis GmbH),https://job-boards.eu.greenhouse.io/navvis/jobs/4651428101,"Lead Software Engineer - Full Stack (Java, Spring, TypeScript, Angular) (F/M/D)Munich Hybrid (NavVis GmbH)"
Gropyus,"Innovative tech for truly sustainable, affordable, and resource-conserving buildings.",https://www.youtube.com/,https://at.linkedin.com/company/gropyus,,,,,,,,
Enter,Optimize home energy efficiency with tailored upgrades and maximize savings and subsidies.,https://www.energystar.gov/homesavings,https://www.linkedin.com/company/getenter/,,,,,,,,
Pioneer Transformers,Custom liquid-filled transformers designed for energy-efficient and sustainable electrical solutions.,https://pioneertransformers.com/,https://ca.linkedin.com/company/transformateurs-pioneer-transformers,https://pioneertransformers.com/careers/,https://pioneertransformers.com/careers/,,,,,,
International Council on Clean Transportation,Advancing eco-friendly and energy-efficient transport for a healthier planet.,https://theicct.org/,https://jp.linkedin.com/company/the-international-council-on-clean-transportation,https://theicct.org/about/careers/,https://theicct.org/about/careers/,,,,,,
BoxPower Inc.,"Modular microgrids delivering clean, reliable energy as a diesel generator alternative.",https://boxpower.io/,https://www.linkedin.com/company/boxpower,https://boxpower.io/careers,https://boxpower.io/careers,,,,,,
Global Energy Monitor,Empowering sustainable energy with open-access data on global infrastructure and resources.,https://www.globalenergyshow.com/conferences/energy-influencers-program/,https://www.linkedin.com/company/global-energy-monitor,http://www.dmgevents.com/careers/,http://www.dmgevents.com/careers/,  https://www.hardwarefair-saudi.com/,"International Hardware Fair Saudi Arabia | 15 - 17 June 2026 , Saudi Arabia",https://internationalpipelineexposition.com,"International Pipeline Conference & Expo  | 22 - 24 September 2026 , Canada",,
World Resources Institute,"Driving sustainable solutions for climate, energy, water, and more to secure a sustainable future.",https://www.iisd.org/articles/insights,https://www.linkedin.com/company/world-resources-institute/,,,,,,,,
Everlight Solar,"Hassle-free, affordable solar energy solutions with no upfront cost for homeowners.",https://everlightsolar.com/,https://www.linkedin.com/company/everlight-solar,https://everlightsolar.com/jobs/,https://everlightsolar.com/jobs/,,,,,,
Serve Robotics,"Zero-emissions robots revolutionizing sustainable, self-driving food delivery.",https://www.serverobotics.com/,https://www.linkedin.com/company/serverobotics,https://www.serverobotics.com/careers,https://www.serverobotics.com/careers,,,,,,
Common Energy,Switch to clean energy and reduce your carbon footprint in minutes.,https://www.commonenergy.us/for-consumers,https://es.linkedin.com/company/common-energy,https://www.commonenergy.us/careers,https://www.commonenergy.us/careers,,,,,,
Scout Motors,Reimagining iconic American SUVs as next-gen all-electric trucks for a sustainable future.,https://www.scoutmotors.com/,https://www.linkedin.com/company/scoutmotors,https://www.scoutmotors.com/careers,https://www.scoutmotors.com/careers,,,,,,
Re:Build Manufacturing,Revitalizing U.S. manufacturing with cutting-edge tech for a sustainable future.,https://www.reddit.com/,https://www.linkedin.com/company/re-build-manufacturing,https://www.reddit.com/r/cscareerquestions,https://www.reddit.com/r/cscareerquestions,https://www.reddit.com/r/cscareerquestions/comments/1ohnh7q/breaking_amazon_to_layoff_30000_corporate/,"Amazon is planning to cut as many as 30,000 corporate jobs beginning Tuesday, as the company works to pare expenses and compensate for overhiring during the peak demand of the pandemic, according to three people familiar with the matter.The figure represents a small percentage of Amazon’s 1.55 million total employees, but nearly 10% of the company’s roughly 350,000 corporate employees. This would represent the largest job cut at Amazon since around 27,000 jobs were eliminated starting in late 2022.Managers of impacted teams were asked to undergo training on Monday for how to communicate with staff following notifications that will start going out via email tomorrow morninghttps://www.reuters.com/business/world-at-work/amazon-targets-many-30000-corporate-job-cuts-sources-say-2025-10-27/What are your thoughts on this?",,,,
Via Transporation,"Transforming global transport systems into efficient, affordable, and sustainable networks with cutting-edge software.",http://www.watthead.org/2008/06/what-do-we-want-cheap-abundant-solar.html,https://www.linkedin.com/company/mti-transporation,http://www.watthead.org/search/label/green%20jobs,http://www.watthead.org/search/label/green%20jobs,http://www.watthead.org/search/label/Army%20Corps%20of%20Engineers,Army Corps of Engineers,http://www.watthead.org/search/label/geoengineering,geoengineering,http://www.watthead.org/search/label/international%20agreements%2Fpolitics,international agreements/politics
Lucid Motors,Innovative electric vehicles redefining sustainable mobility and elevating the driving experience.,https://lucidmotors.com/,https://pe.linkedin.com/company/lucidmotors,https://lucidmotors.com/careers,https://lucidmotors.com/careers,https://lucidmotors.com/careers/search?search=intern,View Internship Opportunities,,,,
Outrider,Automating yard operations with zero-emission systems for sustainable freight transportation.,https://transporttmsandlogisticstms.com/2023/11/16/the-new-era-of-autonomous-trucks-with-or-without-a-driver/,https://pl.linkedin.com/company/outrider,https://www.ttnews.com/articles/daimlers-martin-daum-autonomous-trucks-will-benefit-industry-without-threatening-jobs,https://www.ttnews.com/articles/daimlers-martin-daum-autonomous-trucks-will-benefit-industry-without-threatening-jobs,,,,,,
Base Power Company,Revolutionizing home energy with distributed batteries for grid support and outage protection at low cost.,https://www.basepowercompany.com/,https://www.linkedin.com/company/basepowercompany,https://www.basepowercompany.com/careers,https://www.basepowercompany.com/careers,https://www.basepowercompany.com/careers,"CareersFor engineers, operators, and creatives",,,,
Greenlight Biosciences,"Nature-powered, eco-friendly crop protection solutions for sustainable agriculture.",https://renewable-carbon.eu/news/supplier/united-states-environmental-protection-agency-epa/,https://www.linkedin.com/company/greenlight-biosciences,,,,,,,,
GoodLeap,Democratizing sustainable home upgrades with $27 billion in financing and AI-driven tools since 2018.,https://www.goodleap.com/,https://www.linkedin.com/company/goodleap,,,,,,,,
AiDash,Climate-resilient infrastructure with satellite-powered AI for sustainability and cost efficiency.,https://www.ilovepdf.com/,https://in.linkedin.com/company/aidash,,,,,,,,
Plus,"AI-powered autonomous driving for a safer, greener world.",https://plus.ai/news-and-insights/international-and-plusai-accelerate-level-4-autonomous-truck-development-powered-by-nvidia-drive-agx-hyperion-platform,https://www.linkedin.com/company/plusai,https://plus.ai/careers,https://plus.ai/careers,,,,,,
Mainspring Energy,"Flexible, scalable energy systems accelerating the transition to a net-zero carbon grid.",https://www.carbonequity.com/fund/climate-infrastructure-fund-i,https://www.linkedin.com/company/mainspringenergy,https://jobs.carbonequity.com,https://jobs.carbonequity.com,https://jobs.carbonequity.com/o/product-marketing-manager-gtm,Product Marketing Manager (GTM),,,,
Climate Power,"Historic clean energy investment cuts costs, creates jobs, and protects our planet.",https://climatepower.us/wp-content/uploads/2025/04/April-2025-Clean-Energy-Jobs-Report.pdf,https://www.linkedin.com/company/climate-power,,,,,,,,
Intersect Power,"Scalable low-carbon solutions for retail and wholesale energy markets, offering clean electricity and fuels.",https://globy.com/events-calendar/listing/topic/electric-power,https://www.linkedin.com/company/intersect-com,,,,,,,,
Universal Engineering Sciences,Innovative engineering for sustainable infrastructure and environmental solutions nationwide.,https://climatebase.org/company/1137533/universal-engineering-sciences,https://www.linkedin.com/company/teamues,,,,,,,,
Freedom Solar Power,"Leading, cost-effective solar solutions reducing carbon footprint in Texas, Colorado, Florida, Virginia, and North Carolina.",https://freedom.to/,https://www.linkedin.com/company/freedom-solar,https://freedom.to/careers,https://freedom.to/careers,,,,,,
Energy Solutions,Innovative consulting firm delivering market-based energy solutions for environmental impact.,https://energy-solution.com/,https://www.linkedin.com/company/energy-solutions,https://energy-solution.com/careers/,https://energy-solution.com/careers/,https://energy-solution.com/internships/,Internships,https://energy-solution.com/energy-engineering-technical-evaluation/,Engineering & Technical Evaluation,https://energy-solution.com/internships/,internships
Clearloop,Transforming U.S. communities with clean energy and new solar projects for maximum environmental impact.,https://detroitmi.gov/news/historic-milestone-mayor-dte-energy-community-break-ground-first-five-solar-neighborhoods,https://www.linkedin.com/company/clearloop-us,https://detroitmi.gov/opportunities/jobs,https://detroitmi.gov/opportunities/jobs,,,,,,
Hayden AI,"AI-driven solutions for safer, faster transit and sustainable urban development.",https://ai-weekly.ai/newsletter-05-13-2025/,https://www.linkedin.com/company/haydenaitech,https://www.theguardian.com/commentisfree/2025/may/12/for-silicon-valley-ai-isnt-just-about-replacing-some-jobs-its-about-replacing-all-of-them?utm_source=aiweekly&utm_medium=email&utm_campaign=05132025&utm_content=editorial,https://www.theguardian.com/commentisfree/2025/may/12/for-silicon-valley-ai-isnt-just-about-replacing-some-jobs-its-about-replacing-all-of-them?utm_source=aiweekly&utm_medium=email&utm_campaign=05132025&utm_content=editorial,https://www.theguardian.com/preference/edition/int,International edition,,,,
Too Good To Go,"Reduce food waste and save surplus food with our convenient, planet-friendly app.",https://www.toogoodtogo.com/en-us,https://www.bing.com/aclick?ld=e8DiLIDP8EJcCZfsYSlEPvOjVUCUzxUMQX1OxOzkXCOOUyBtNyVXcDTn6yGtpw1tyvlmTzxYYqotdbkapP5QP3o_H2V0atkzDZ5ib6tqJLWz9W1r8Uf_CBiPwFInIkq3v0ZFtAUZFEiZfBeGZO0lCSCMc2TSpYVpOuXPJo8LeuWtXRU2-KH41f8FuljXadfZ3nWqW6dNzC6sD6CcN9AHsBGSrLnOo&u=aHR0cHMlM2ElMmYlMmZ3d3cuYW1hem9uLmNvbSUyZnMlMmYlM2ZpZSUzZFVURjglMjZrZXl3b3JkcyUzZHRvbyUyYmdvb2QlMmJ0byUyYmdvJTI2aW5kZXglM2RhcHMlMjZ0YWclM2RtaDBiLTIwJTI2cmVmJTNkcGRfc2xfMW5meHNyaWUzel9lJTI2YWRncnBpZCUzZDEzMzkyMDc2Nzg1MjQxODQlMjZodmFkaWQlM2Q4MzcwMDc1ODkwMzA4MCUyNmh2bmV0dyUzZG8lMjZodnFtdCUzZGUlMjZodmJtdCUzZGJlJTI2aHZkZXYlM2RjJTI2aHZsb2NpbnQlM2QlMjZodmxvY3BoeSUzZDE0OTM1OSUyNmh2dGFyZ2lkJTNka3dkLTgzNzAxNjM4NDk2MzkyJTNhbG9jLTkwJTI2aHlkYWRjciUzZDQ4MTlfMTM0OTEzNzElMjZtY2lkJTNkOTJkZThiMTFlOTgwMzRhYjljN2I5ZGI3NGVlMzkyNjUlMjZtc2Nsa2lkJTNkZDNlZWE1YWViMGJjMTg5ZDYzMDBjY2E3NjE4NmY1YTA&rlid=d3eea5aeb0bc189d6300cca76186f5a0,https://www.toogoodtogo.com/en-us/careers,https://www.toogoodtogo.com/en-us/careers,,,,,,
Ramboll Management Consulting,Driving decarbonization and sustainable business models across global markets.,https://fpanalytics.foreignpolicy.com/2024/12/26/navigating-global-fragmentation-sustainability-disclosures-supply-chains/,https://www.linkedin.com/company/ramboll-management-consulting,,,,,,,,
AECOM,Building sustainable legacies through innovative infrastructure and environmental solutions.,https://www.bing.com/aclick?ld=e8a2P-MYo1UcjurD6RTPRm0jVUCUxwXIKLjiP0K7CAdeIH5M1MPnd3J0lXHh_YIvLZ7d_hiz2IR8OwUtEZrm6MpyHSFCGbf9K-BljZOUsMRDl6D5d73PhQGzWF--Fv0M_9kt__iRMokmlMhgzs6MY-SI2O2xk1cSgq9Ti80p4PjTriShqbuo_5VtKUj8-WreD9aTkTP7R_6MeU_XczCgqCl2sk0_k&u=aHR0cHMlM2ElMmYlMmZhZC5kb3VibGVjbGljay5uZXQlMmZzZWFyY2hhZHMlMmZsaW5rJTJmY2xpY2slM2ZsaWQlM2Q0MzcwMDA4MjE4ODI5Mzc5OCUyNmRzX3Nfa3dnaWQlM2Q1ODcwMDAwODkxMjUwNTk2MiUyNmRzX2FfY2lkJTNkMzc4MDk1NDE5JTI2ZHNfYV9jYWlkJTNkMjI2OTMxOTQ4ODElMjZkc19hX2FnaWQlM2QxODIyNTE0NzIxMzglMjZkc19hX2xpZCUzZGt3ZC0yOTk4MzMzNTM3NjMlMjYlMjZkc19lX2FkaWQlM2Q4MTc3NjMxNDA3MzcyMCUyNmRzX2VfdGFyZ2V0X2lkJTNka3dkLTgxNzc2NTQ3OTU1NzE4JTNhbG9jLTkwJTI2JTI2ZHNfZV9uZXR3b3JrJTNkbyUyNmRzX3VybF92JTNkMiUyNmRzX2Rlc3RfdXJsJTNkaHR0cHMlM2ElMmYlMmZ3d3cuYmFzZi5jb20lMmZ1cyUyZmVuJTJmd2hvLXdlLWFyZSUyZndlLWNyZWF0ZS1jaGFuZ2UlM2ZhdF9tZWRpdW0lM2RkaXNwbGF5JTI2YXRfY2FtcGFpZ24lM2RDT01fQkFXX1VTX0VOX0NoYW5nZS1JbWFnZS0yMDI1X1RSQV9CaW5nLUdlbmVyaWMtMjAyNSUyNmF0X2NyZWF0aW9uJTNkU2VhcmNoX01pY3Jvc29mdC1Db3Jwb3JhdGlvbl9FTl9UZXh0LUFkX05BTVAtR2VuZXJpYy1CaW5nLUNJLUNvbXBhbnktR3JlZW4lMjZhdF9jaGFubmVsJTNkTWljcm9zb2Z0LUNvcnBvcmF0aW9uJTI2YXRfZm9ybWF0JTNkVGV4dC1BZCUyNmF0X3ZhcmlhbnQlM2RDSS1VUy1LZXl3b3Jkc18xeDFfRU4tTm9uU2tpcCUyNnV0bV9zb3VyY2UlM2RiaW5nJTI2dXRtX21lZGl1bSUzZGNwYyUyNnV0bV9jYW1wYWlnbiUzZENPTV9CQVdfVVNfRU5fQ2hhbmdlLUltYWdlLTIwMjVfVFJBX0JpbmctR2VuZXJpYy0yMDI1JTI2dXRtX3Rlcm0lM2RzdXN0YWluYWJsZSUyNTIwc29sdXRpb25zJTI2dXRtX2NvbnRlbnQlM2RTZWFyY2hfTWljcm9zb2Z0LUNvcnBvcmF0aW9uX0VOX1RleHQtQWRfTkFNUC1HZW5lcmljLUJpbmctQ0ktQ29tcGFueS1HcmVlbg&rlid=428e20ce800e125fe21249c7514b0dff,https://www.linkedin.com/company/aecom,,,,,,,,
EngSoc,Top 10 global leader advancing UN Sustainable Development Goals through research and innovation.,https://unosd.un.org/content/sustainable-development-goals-sdgs,https://www.linkedin.com/company/unsw-engineering-society,https://unosd.un.org/content/join-us,https://unosd.un.org/content/join-us,https://unosd.un.org/internships,Internships,https://unosd.un.org/content/meet-interns,Meet Our Interns,https://unosd.un.org/internships,Internships
Republic Services,Committed to sustainable waste management for a greener future.,https://trx.sukadunia.net/eco-friendly-hotels-sustainable-practices-for-a-greener-stay/,https://in.linkedin.com/company/republic-services-inc,https://trx.sukadunia.net/category/finance-careers/,https://trx.sukadunia.net/category/finance-careers/,,,,,,
Sightline Climate (CTVC),Data-driven platform empowering investment and innovation in the new climate economy,https://www.sightlinelaser.com/,https://www.linkedin.com/company/ctvc,,,,,,,,
Pano AI,Revolutionizing disaster management for climate resilience with AI-powered wildfire detection.,https://www.pano.ai/,https://www.linkedin.com/company/pano-ai/,https://www.pano.ai/join-us,https://www.pano.ai/join-us,,,,,,
Unirac,Driving solar energy adoption with top-tier PV mounting systems and unmatched expertise.,https://unirac.com/,https://www.linkedin.com/company/unirac-inc-,https://unirac.com/careers/,https://unirac.com/careers/,,,,,,
Oklo,"Oklo's mission is to provide clean, reliable, affordable energy through the deployment of next-generation fast fission technology and recycling nuclear waste.",https://oklo.com/overview/default.aspx,https://www.linkedin.com/company/oklo,,,,,,,,
Trek Bicycle Corp (Australia),Empowering diverse teams to revolutionize cycling for a sustainable future.,https://www.trekbikes.com/,https://au.linkedin.com/company/trekbikes,https://trekbikes.wd1.myworkdayjobs.com/trek,https://trekbikes.wd1.myworkdayjobs.com/trek,,,,,,
Equilibrium Energy,Accelerating clean energy with data-driven solutions to significantly reduce global carbon emissions.,https://wattsupwiththat.com/2019/09/30/eocene-climatic-optima-another-clean-kill-of-carbon-dioxide-driven-climate-change-hypothesis/,https://se.linkedin.com/company/nrgenergy,,,,,,,,
Iberdrola,Accelerating America's clean energy transition with sustainable power and industry-leading ethical practices.,https://www.iberdrola.com/sustainability/energy-transition,https://www.linkedin.com/company/iberdrola-power,,,,,,,,
EsVolta,Empowering the grid with large-scale battery energy storage to enhance sustainability.,https://www.esvolta.com/,https://www.linkedin.com/company/esvolta-lp,https://www.esvolta.com/careers,https://www.esvolta.com/careers,,,,,,
Terracycle,"Transforming unrecyclable waste into eco-friendly products, from ocean plastics to playgrounds.",https://www.terracycle.com/en-US/,https://br.linkedin.com/company/terracycle/,,,,,,,,
Electric Power Engineers,Enhancing grid reliability and resiliency for a sustainable energy future.,https://www.facebook.com/nawabpurdhakabangladesh/,https://www.linkedin.com/company/epeconsulting,,,,,,,,
Institute for Energy Economics and Financial Analysis (IEEFA,Accelerating the transition to a sustainable and diverse energy economy.,https://ieefa.org/,https://en.wikipedia.org/wiki/Institute_for_Energy_Economics_and_Financial_Analysis,https://ieefa.org/careers,https://ieefa.org/careers,,,,,,
C40 Cities,"Uniting 96 cities for bold climate action and a sustainable, healthier future.",https://wealth.hket.com/article/3947091/港元定期存款2025每日更新　11月全新優惠！28大銀行年利率一文看清,https://www.linkedin.com/company/c40-cities-climate-leadership-group,,,,,,,,
InductEV,"Revolutionizing commercial fleets with AI-driven, wireless power for a sustainable, carbon-reduced future.",https://canvasbusinessmodel.com/blogs/growth-strategy/inductev-growth-strategy,https://www.linkedin.com/company/inductev-inc,,,,,,,,
RoadRunner Recycling,"Revolutionizing sustainable waste management for businesses with tech-driven, cost-saving solutions.",https://www.roadrunnerwm.com/,https://www.linkedin.com/company/roadrunner-modern-waste-and-recycling,https://www.roadrunnerwm.com/careers,https://www.roadrunnerwm.com/careers,https://job-boards.greenhouse.io/roadrunner/jobs/4031672009,Software Engineer I (Full -Stack)Remote - USA,,,,
Encamp,Empowering businesses with tech for seamless environmental compliance and global reforestation.,https://www.bing.com/aclick?ld=e8E3l6_IFkgSGITRjYWsip_DVUCUzCN0VGEPcKsLBQMRw4uOb8FwW4yp1izIWrTkEhTeIc87EjkBi2mkGzJ36DrHll6-L7CQTp6c4S0KOr9Rt6-EFWO2Xs5_QsWAggGEw9w_hI3ZYTWOdvBXMMoS5mu1IewJ3875B0I0T1eRL8M87cIf2dSHHE3msoqSVF2kJ6z0NASkvcX7OUWLYo1h3vP3x6wDQ&u=aHR0cHMlM2ElMmYlMmZ3d3cub2Rvby5jb20lMmZpbmR1c3RyaWVzJTJmZW52aXJvbm1lbnRhbC1hZ2VuY3klM2ZuZXR3b3JrJTNkbyUyNnV0bV9zb3VyY2UlM2RiaW5nJTI2dXRtX21lZGl1bSUzZGNwYyUyNnV0bV9jYW1wYWlnbiUzZE5BLUVOLUluZHVzdHJ5LUVudmlyb25tZW50YWxBZ2VuY3klMjZ1dG1fdGVybSUzZGVycHMlMjUyMEVudmlyb25tZW50YWwlMjUyMEFnZW5jeXV0bV9nY2xpZCUzZCUyNm1zY2xraWQlM2RjZjJhNjg0M2RkMTExZjY5NDE5OTAxNGEwY2YwODk3Yw&rlid=cf2a6843dd111f694199014a0cf0897c,https://www.linkedin.com/company/encamp,https://www.bing.com/jobs,https://www.bing.com/jobs,javascript:void(0),Assistant Manager,javascript:void(0),Marketing Manager,javascript:void(0),Service Engineer
Karen Clark & Company,Innovative catastrophe risk modeling tools for climate resilience and disaster preparedness.,https://karenclarkandco.com/,https://www.linkedin.com/company/karen-clark-and-company,https://www.karenclarkandco.com/careers,https://www.karenclarkandco.com/careers,https://www.karenclarkandco.com/careers/model-development-wind-engineer,Wind Engineer,https://www.karenclarkandco.com/careers/model-development-structural-engineer,Structural Engineer,https://www.karenclarkandco.com/careers/model-development-geotechnical-engineer,Geotechnical Engineer
Climate Arc,Mainstreaming climate science in finance to accelerate capital for net-zero solutions.,https://www.readkong.com/page/driving-finance-today-for-the-climate-resilient-unep-fi-3001510,https://www.linkedin.com/company/climate-arc,https://www.readkong.com/pages/careers/1,https://www.readkong.com/pages/careers/1,https://www.readkong.com/page/icefinsights-reach-the-new-generation-of-international-2084985,ICEFINSIGHTS - Reach the new generation of international students ...,https://www.readkong.com/page/youth-and-politics-no-longer-on-the-sidelines-2099148,Youth and Politics No Longer on the Sidelines? - INTERNATIONAL REPORTS - ...,https://www.readkong.com/page/student-international-9-shiksha-com-6687408,STUDENT INTERNATIONAL 9 - Shiksha.com
Resource Innovations,"Empowering communities with accessible, sustainable energy and water solutions.",https://www.resource-innovations.com/,https://www.linkedin.com/company/resourceinnovations/,https://www.resource-innovations.com/careers,https://www.resource-innovations.com/careers,,,,,,
Pine Gate Renewables,Driving the future with extensive solar and energy storage projects across the U.S.,https://pinegaterenewables.com/solar-and-storage/,https://www.linkedin.com/company/pine-gate-renewables/,,,,,,,,
Redwood Materials,"Closed-loop, domestic lithium-ion battery supply chain using recycled batteries to reduce environmental impact.",https://www.redwoodmaterials.com/materials/,https://www.linkedin.com/company/redwood-materials,https://www.redwoodmaterials.com/materials/#join-us,https://www.redwoodmaterials.com/materials/#join-us,,,,,,
The EVERY Company,"Revolutionizing food with eco-friendly, animal-free proteins using significantly less land, water, and emissions.",https://every.com/,https://ch.linkedin.com/company/the-every-company/,,,,,,,,
Arevon,Transforming North America's energy with innovative renewable solutions to reduce planetary impact.,https://arevonenergy.com/,https://www.linkedin.com/company/arevon,https://arevonenergy.com/careers/,https://arevonenergy.com/careers/,https://arevonenergy.com/careers/manager-accounting-project-operations/,"Manager, Accounting (Project Operations)Scottsdale, AZ",https://arevonenergy.com/careers/manager-business-systems-salesforce/,"Manager, Business Systems (Salesforce)Scottsdale, AZ",https://arevonenergy.com/careers/director-project-engineering/,"Senior Manager, Project EngineeringScottsdale, AZ"
Bird,"Eco-friendly, dockless electric scooters revolutionizing urban transportation.",https://www.levyelectric.com/resources/understanding-dockless-electric-scooters:-revolutionizing-urban-mobility,https://www.linkedin.com/company/birdapp,https://www.levyelectric.com/work-with-us,https://www.levyelectric.com/work-with-us,,,,,,
Planet,"Empowering impactful stewardship through timely, global Earth-imaging satellite data.",https://www.planet.com/,https://uk.linkedin.com/company/planet-fb,https://www.planet.com/company/careers/,https://www.planet.com/company/careers/,,,,,,
Sparkfund,"Transforming buildings into valuable, grid-supportive assets for a sustainable energy future.",https://sparkfund.com/,https://www.linkedin.com/company/sparkfunder,,,,,,,,
Cypress Creek Renewables,"Developing 12GW of solar energy for a cleaner, safer, and better world.",https://ccrenew.com/,https://www.linkedin.com/company/cypress-creek-renewables,https://ccrenew.com/careers/,https://ccrenew.com/careers/,,,,,,
Thrive Market,"Promoting healthy, sustainable living while being zero waste and Climate Neutral Certified.",https://www.bing.com/aclick?ld=e8PeWAGLN1zo0CtHGevvQQ6zVUCUxIfHZ_FsU9WnKlC4lyGeTZE1oyH833DQzul4UTRJHxtwR5B38gZn9rCpirvkfBqn5KKtpk14DYZvDnAAfFKbJCx46d400cAj7G4iFjh2hL8w2CFp_-ZRf7RBtZQN33hQ5lfc04Kh2UQtBIVaYduXk2_lz84ji316h1PX0EUvffOWuOfzU647u08dAFmTaKCBc&u=aHR0cHMlM2ElMmYlMmZ0aHJpdmVtYXJrZXQuY29tJTJmJTNmdXRtX3NvdXJjZSUzZGJpbmclMjZ1dG1fbWVkaXVtJTNkY3BjJTI2dXRtX2NhbXBhaWduJTNkRkQlMjUyMC0lMjUyME5CX1NFTV9EVEFfRm9vZCUyNTIwLSUyNTIwMSUyNnV0bV9jb250ZW50JTNkMTE2OTg4MjIzMjcxMTUwMiUyNnV0bV90ZXJtJTNkLWt3ZC03MzExODM1NDk2MDA3MSUzYWxvYy05MCUyNmRldmljZSUzZGMlMjZjY29kZSUzZGFjcTYwZm9nd3AlMjZjY29kZV9mb3JjZSUzZDElMjZtc2Nsa2lkJTNkYjBmOTkwYjIxOThmMTkxYzA2ODFmOWJiY2JiNTNmODY&rlid=b0f990b2198f191c0681f9bbcbb53f86,https://az.linkedin.com/company/thrivemarket,,,,,,,,
Deep Sky,Reversing climate change with renewable-powered carbon removal and long-term storage.,https://www.deepskyclimate.com/,https://www.linkedin.com/company/trippas-white-group,https://www.deepskyclimate.com/career,https://www.deepskyclimate.com/career,,,,,,
Zen Ecosystems,Smart energy management solutions to cut bills and boost efficiency for homes and businesses.,https://www.smartvoltagesolution.com/post/transform-your-home-with-loxone-smart-system-for-ultimate-comfort-and-energy-efficiency,https://www.linkedin.com/company/zen-ecosystems,,,,,,,,
Ecosia,Search the web and fund tree planting with a CO2-neutral search engine.,https://www.zhihu.com/question/634214805?write,https://www.linkedin.com/company/ecosia,,,,,,,,
Califia Farms,"Nourishing the world with plant-based beverages, powered by renewable energy and sustainable practices.",https://www.califiafarms.com/,https://www.linkedin.com/company/califia-farms,https://careers-califiafarms.icims.com/jobs/,https://careers-califiafarms.icims.com/jobs/,,,,,,
Omnidian,Empowering sustainable energy with 24/7 solar system monitoring and advanced diagnostics.,https://www.omnidian.com/,https://www.linkedin.com/company/omnidian-inc,https://www.omnidian.com/careers/,https://www.omnidian.com/careers/,,,,,,
ClimateWorks Foundation,Amplifying philanthropic power to combat global climate change.,https://www.bing.com/aclick?ld=e8MYgfqs2vAO3_DiLev3hDJjVUCUx6TFHGPNAgiz2DAyEPr3wPhpzM4qH6F2O1vaKlEXA1RdqWxfwyB3Xiulcszsv8vt759Q5-sPKZLP2EdA4Fr0krvp6ZHZjGXLlKsuGjIM1WZ_hFa4DbXEXKdzXwjvjOuSPoOiDIPnmmKHfyKSWI0JTDPWRPF76DyTYBnMNUpufJjfwSPah3RoEJj8dcuzWPICY&u=aHR0cHMlM2ElMmYlMmZ3d3cuY3Jvc3NpbmctdGhlLWRpdmlkZS5vcmclMmZtYXRlcmlhbHMlMmZjbGltYXRlLWNoYW5nZQ&rlid=84656100ee00102123a008093c60cb75,https://www.linkedin.com/company/climateworks,,,,,,,,
Applied Intuition,"Accelerating safe, intelligent machines for a sustainable future in transport and construction.",https://www.appliedintuition.com/,https://www.linkedin.com/company/applied-intuition-inc,https://www.appliedintuition.com/careers,https://www.appliedintuition.com/careers,,,,,,
Aurora Solar,Empowering solar adoption with AI-driven platform for a sustainable future.,https://aurorasolar.com/,https://www.linkedin.com/company/aurora-solar,https://aurorasolar.com/careers/,https://aurorasolar.com/careers/,https://aurorasolar.com/contract-manager/,Contract Manager,https://aurorasolar.com/aurora-for-channel-managers/,For Channel Managers,https://jobs.ashbyhq.com/aurorasolar/44526d80-d080-491d-abcf-b902b45a1e05,"Senior Software Engineer, Helioscope"
Solvenergy.com,Pioneering cleaner power and brighter futures through extensive solar energy projects across North America.,https://dotnet.microsoft.com/en-us/download,https://www.linkedin.com/company/solv-energy,,,,,,,,
Apollo,Innovative capital solutions for growth with a focus on sustainable and impactful investing.,https://www.apollo.com/strategies/asset-management/capital-solutions,https://in.linkedin.com/company/apollo247/,https://www.apollo.com/careers,https://www.apollo.com/careers,,,,,,
Workiva,Streamlining integrated ESG reporting for transparent climate impact and compliance.,https://www.workiva.com/,https://bd.linkedin.com/company/workiva,,,,,,,,
Dynapower,"Power electronics leader driving a resilient, clean energy future through innovative power conversion and storage solutions.",https://climatebase.org/company/1136185/preconnect,https://ch.linkedin.com/company/dynapowerusa,,,,,,,,
GFL Environmental,Driving sustainable waste management and soil remediation for a greener future.,https://gflenv.com/,https://www.linkedin.com/company/gflenvironmental,https://gflenv.com/career/,https://gflenv.com/career/,https://gflenv.com/early-talent,Co-op and Interns,https://gflenv.com/early-talent,Co-op & Interns,https://gflenv.com/early-talent,Learn More about Co-Op & Interns
C&D Technologies,Empowering critical operations with eco-friendly power systems and sustainable energy solutions.,https://www.cdtechno.com/,https://www.linkedin.com/company/c&d-technologies,https://www.cdtechno.com/about-us/careers,https://www.cdtechno.com/about-us/careers,,,,,,
The Environmental Defense Fund,"Driving impactful environmental solutions through science, partnerships, and market-based approaches globally.",https://www.epa.gov/,https://www.linkedin.com/company/dedicated-defenders-of-vital-assets,https://www.epa.gov/careers,https://www.epa.gov/careers,,,,,,
Qmerit,"Simplifying electrification adoption, driving green energy transition for homes and businesses.",https://himalayas.app/companies/qmerit,https://de.linkedin.com/company/qmerit,,,,,,,,
Advantage Capital Management,"Catalytic investments in underserved areas to boost economies, communities, and renewable energy solutions.",https://www.advantagecap.com/,https://www.linkedin.com/company/advantagecapital,https://www.advantagecap.com/careers/,https://www.advantagecap.com/careers/,,,,,,
David Suzuki Foundation,"Protecting nature and fostering a sustainable Canada through research, education, and policy.",https://www.reddit.com/r/Edgerunners/comments/16smo5p/why_did_lucy_fall_in_love_with_david/,https://pg.linkedin.com/company/david-suzuki-foundation,,,,,,,,
Resource Environmental Solutions,Restoring ecosystems and sequestering carbon through nature-based infrastructure projects.,https://climatebase.org/company/1136747/resource-environmental-solutions?source=job_directory,https://www.linkedin.com/company/res-us,,,,,,,,
Exponent,"Engineering and scientific consulting for safer, healthier, and more sustainable solutions globally.",https://www.exponent.com/,https://ad.linkedin.com/company/exponent,https://www.exponent.com/careers,https://www.exponent.com/careers,https://www.exponent.com/expertise/biomedical-engineering-sciences,Biomedical Engineering & Sciences,https://www.exponent.com/expertise/civil-structural-engineering,Civil & Structural Engineering,https://www.exponent.com/expertise/electrical-engineering-computer-science,Electrical Engineering & Computer Science
Context Labs,Accelerating global energy transition with trusted climate data and high-quality carbon credits.,https://contextlabs.com/daas-for-energy/,https://www.linkedin.com/company/context-labs-bv,https://contextlabs.com/careers/,https://contextlabs.com/careers/,,,,,,
350.org,Global grassroots movement driving climate action in over 188 countries.,https://350.org/old-vs-new-thermometer-fy25q1-new/,https://nl.linkedin.com/company/350-org,https://350.org/jobs/,https://350.org/jobs/,,,,,,
Scope3,Eliminate climate risk with advanced emission reduction solutions.,https://www.sekisuichemical.com/sustainability_report/eco/global_warming/,https://ad.linkedin.com/company/climatetrade,,,,,,,,
Generate Capital,Delivering sustainable infrastructure to power and transform communities across North America.,https://www.essar.com/,https://www.linkedin.com/company/generatecapital,,,,,,,,
Hydrosat,"Space-based thermal imagery for managing water stress, boosting food security, and protecting the environment.",https://zhidao.baidu.com/question/404002438081952245.html,https://www.linkedin.com/company/hydrosat,,,,,,,,
Phaidra,"AI-driven control systems for industrial efficiency, reducing energy waste and environmental impact.",https://eikaiwa.dmm.com/uknow/questions/66279/,https://www.linkedin.com/company/phaidra-ai,,,,,,,,
Charge Point,Empowering widespread EV adoption with the world's largest open charging network.,https://www.chargepoint.com/,https://sa.linkedin.com/company/turning-point-energy-sa,,,,,,,,
Unison Infrastructure,Funding and managing sustainable infrastructure with $1.3B+ deployed since 2003.,https://unisoninfra.com/about-us/,https://www.linkedin.com/company/unisoninfra,https://unisoninfra.com/careers/,https://unisoninfra.com/careers/,,,,,,
Last Energy,"Scaling micro nuclear to decarbonize energy and provide clean, affordable power globally.",https://www.lastenergy.com/,https://de.linkedin.com/company/mb-energy-last-mile-gmbh,https://www.lastenergy.com/careers/jobs,https://www.lastenergy.com/careers/jobs,https://jobs.lever.co/last-energy?department=Last%20Energy&team=Engineering,Engineering,https://jobs.lever.co/last-energy?department=Last%20Energy%20UK&team=Engineering,Engineering,https://jobs.lever.co/last-energy/a5878fee-e8a1-4a85-b0b4-ba71b2c53f64,"Content ManagerOn-site —Full-timeAustin, TX"
Velo3D,Revolutionizing metal 3D printing for cleaner energy and efficient transportation.,https://maplescouter.com/,https://www.linkedin.com/company/velo3d,,,,,,,,
Sublime Systems,"Revolutionizing cement with zero-carbon, low-energy production for significant global emissions reduction.",https://sublime-systems.com/,https://www.linkedin.com/company/sublime-cement,https://jobs.lever.co/sublimesystems,https://jobs.lever.co/sublimesystems,,,,,,
Brookfield Global Asset Management Limited,Investing globally in renewable power and infrastructure to support climate resilience and sustainability.,https://climatebase.org/company/1136766/brookfield-global-asset-management-limited,https://in.linkedin.com/company/brookfield-apac,,,,,,,,
Muon Space,Revolutionizing climate action with cutting-edge Earth-sensing satellite technology.,https://www.britannica.com/science/muon,https://www.linkedin.com/company/muon-space,,,,,,,,
BorgWarner,"Driving carbon neutrality in automotive solutions for a cleaner, healthier, and safer future by 2035.",https://www.borgwarner.com/home,https://in.linkedin.com/company/rhombus-energy-solutions,https://www.borgwarner.com/careers,https://www.borgwarner.com/careers,https://www.borgwarner.com/newsroom/awards//Details/borgwarner-included-in-forbes--list-of-america-s-best-employers-for-engineers-2025-list/,Forbes' America's Best Employers for Engineers,,,,
Fluence,Driving clean energy transition with scalable storage and AI-optimized management.,https://fluenceenergy.com/,https://de.linkedin.com/company/fluence-led,https://fluenceenergy.com/energy-storage-careers/,https://fluenceenergy.com/energy-storage-careers/,,,,,,
Bidgely,Revolutionizing home energy savings with appliance-specific analytics to combat climate change.,https://www.bidgely.com/,https://www.linkedin.com/company/bidgely,https://www.bidgely.com/careers/,https://www.bidgely.com/careers/,,,,,,
XENERGY,"Reinventing nuclear power for safe, affordable, and carbon-free energy.",https://climatebase.org/company/1136404/xenergy,https://hr.linkedin.com/company/xenergy-empowering-women-in-energy-transition,,,,,,,,
Key Capture Energy,"Advancing large-scale energy storage for a stable, renewable-powered grid.",https://www.bing.com/aclick?ld=e8cH9PFn1Q2WzAZ5tBCs4orTVUCUy7uO6qV6t2k9om16Xm5_eEeIJZcYzVdHKGmqiHf7fihCRyDr1yZqvJ6KoWCb6mXSu3IGXZAo_f7Tr6gtfYtvbY0QKpa5Rf0C0UFHb_0HDKeZwDml1W_v2UrjUDVdhhPGu_VNIqPeDRr6sv75TQRowTTu2FPncopqLaCpLyhp8Yx6KwHc8vDBhMh3HXYWMgVfo&u=aHR0cHMlM2ElMmYlMmZ3d3cuZW52ZXJ1cy5jb20lMmZzZWdtZW50cyUyZmZpbmFuY2lhbC1zZXJ2aWNlcyUyZiUzZnV0bV9zb3VyY2UlM2RiaW5nJTI2dXRtX21lZGl1bSUzZGNwYyUyNnV0bV9jYW1wYWlnbiUzZCUyNnV0bV9jb250ZW50JTNkJTI2dXRtX3Rlcm0lM2RyZW5ld2FibGUlMjUyMHRlY2hub2xvZ3klMjUyMHRyYWNraW5nJTI2bXNjbGtpZCUzZDQxM2M3ZTNiMTAyYzExY2FjYWI5MTczMmMzNTg5NzU2&rlid=413c7e3b102c11cacab91732c3589756,https://www.linkedin.com/company/key-capture-energy,https://www.bing.com/careers/,https://www.bing.com/careers/,,,,,,
Sky Climber Renewables,"Driving renewable energy with comprehensive wind, solar, and battery solutions for a sustainable future.",https://skyclimber-re.com/,https://www.linkedin.com/company/sky-climber-wind-solutions,https://skyclimber-re.com/careers/,https://skyclimber-re.com/careers/,,,,,,
World Wildlife Fund,United for a sustainable future through global conservation and innovative solutions.,https://www.bing.com/aclick?ld=e8SPfJdNieAiRlcJFvuGSBiDVUCUwcfZ0BUoEG9rLuu_BBapEWwgbQLszPU65qLVZrS3qCDNWlrSlloxs1uKjwXbLRnHn19Meueu1QUC5rCwCW65X6oxgGZL_IperyJQLKkDkBwGMzr5GtqLKWTTDt0wJszYgkr-j5YkReDPsxBft-OH3Wynk9fJ0ouzrm3Jtri5UOC5NK1wQhSSQ79i76Pk6IbYk&u=aHR0cHMlM2ElMmYlMmZwb2xhcmJlYXJzaW50ZXJuYXRpb25hbC5vcmclMmZhY3Qtbm93JTJmdGFrZS1hY3Rpb24lMmZhZHZvY2FjeS10b29sa2l0JTJmJTNmbXNjbGtpZCUzZDllYmY3YjU0MjdlZDE1ZDgwYTAxMTI1ZGY0NjgyZDU5JTI2dXRtX3NvdXJjZSUzZGJpbmclMjZ1dG1fbWVkaXVtJTNkY3BjJTI2dXRtX2NhbXBhaWduJTNkQ05fR0dfU19PdGhlciUyNnV0bV90ZXJtJTNkY2xpbWF0ZSUyNTIwY2hhbmdlJTI1MjBhZHZvY2FjeSUyNnV0bV9jb250ZW50JTNkU04lMjUzQSUyNTIwQWR2b2NhY3klMjUyMFRvb2xraXQ&rlid=9ebf7b5427ed15d80a01125df4682d59,https://www.linkedin.com/company/wwf-international/,,,,,,,,
Enpowered,"Accelerating energy-saving solutions, reducing emissions, and promoting renewable energy adoption.",https://enpowered.com/,https://ca.linkedin.com/company/getenpowered,https://enpowered.com/company/careers/,https://enpowered.com/company/careers/,,,,,,
Power Factors,Accelerating the energy transition with software for optimizing renewable asset performance and collaboration.,https://rejobs.org/en/renewable-energy-jobs/employer/power-factors,https://ca.linkedin.com/company/power-factors-inc,https://rejobs.org/en,https://rejobs.org/en,https://rejobs.org/en/renewable-energy-jobs/102427-manager-of-community-energy-planning-and-policy-a-climate-to-thrive-southwest-harbor-maine-united-states,Manager of Community Energy Planning and Policy,https://rejobs.org/en/renewable-energy-jobs/97486-strategic-industries-manager-renewable-energies-inductive-automation-folsom-california-united-states,Strategic Industries Manager - Renewable Energies,https://rejobs.org/en/renewable-energy-jobs/97485-principal-mechanical-engineer-afry-manchester-united-kingdom,Principal Mechanical Engineer
Ecology Project International,Youth-driven conservation through local expert-student partnerships to protect threatened species and habitats.,https://ecologyproject.submittable.com/,https://uk.linkedin.com/company/project-ecology,,,,,,,,
Enverus,"Accelerating investment in efficient, renewable energy development and distribution.",https://www.bing.com/aclick?ld=e8Z0dn7M2T2OuucpbbnIIr7TVUCUznox_CWa1BLnHR9QxZ5hkRgp16srnov-u2rMd8OcoR5UrdDOZUysfkk6ZXVEgRAZ-QzNk3TEjKiU0ne6dCG10ljVjGi-8f8BOcGhAoOSuUOqWCbb4jM9hAKP3ADU2N4Qe_IYdfoeOCeRA4o_dUChWsVLVZ3mBcYsILh706Q9NfZFuAG_7Y8rh6xHD5Wywi4aY&u=aHR0cHMlM2ElMmYlMmZ3d3cuZW52ZXJ1cy5jb20lMmZzZWdtZW50cyUyZmZpbmFuY2lhbC1zZXJ2aWNlcyUyZiUzZnV0bV9zb3VyY2UlM2RiaW5nJTI2dXRtX21lZGl1bSUzZGNwYyUyNnV0bV9jYW1wYWlnbiUzZCUyNnV0bV9jb250ZW50JTNkJTI2dXRtX3Rlcm0lM2RlbmVyZ3klMjUyMGludmVzdG1lbnQlMjUyMGNvbXBhbmllcyUyNm1zY2xraWQlM2RmNWE4YjkwM2IzZDQxN2NiNTY4OGQwMGE2MDcxMmE2Nw&rlid=f5a8b903b3d417cb5688d00a60712a67,https://www.linkedin.com/company/enverus-energy,https://www.bing.com/careers/,https://www.bing.com/careers/,,,,,,
FlexGen,"Advanced energy storage solutions reducing environmental impact with flexible, software-first technology.",https://blog.youtube/,https://www.linkedin.com/company/flexgen,https://www.youtube.com/jobs/,https://www.youtube.com/jobs/,https://www.youtube.com/jobs/engineering/,Engineering,https://www.youtube.com/jobs/engineering/,Engineering,https://developers.google.com/youtube,Developers
The Aspen Institute,"Driving global climate solutions through dialogue, leadership, and impactful action.",https://www.aspeninstitute.org/,https://www.linkedin.com/company/the-aspen-institute/,https://www.aspeninstitute.org/about/careers/,https://www.aspeninstitute.org/about/careers/,https://www.aspeninstitute.org/about/international-partners/,International Partners,https://www.aspeninstitute.org/programs/international-partners/,Learn more about our International Partners,https://www.aspeninstitute.org/about/our-careers/internships/,Internships
